age,daily_screen_time,social_media_time,gaming_time,study_work_time,phone_unlocks,night_screen_time,sleep_duration,physical_activity,breaks_per_day,weekend_screen_time,risk_level
43,10.5,3.1,2.7,1.8,105,2.0,6.3,51,7,8.4,Moderate
29,3.2,5.1,2.7,6.4,130,3.2,5.4,104,7,13.9,High
22,10.8,5.0,3.0,4.5,71,0.5,8.8,98,10,12.8,Moderate
35,8.4,5.0,0.3,4.0,146,3.9,5.6,27,0,9.2,High
33,9.0,0.1,1.8,2.7,77,3.9,4.5,69,1,12.3,High
37,11.1,4.5,3.6,4.8,90,0.7,6.6,69,4,9.3,Moderate
25,8.2,4.6,1.0,2.9,26,1.2,4.3,54,8,4.9,Moderate
25,5.4,4.1,1.0,7.3,126,0.4,4.6,56,9,4.5,Moderate
38,10.3,4.5,0.1,2.5,59,1.1,5.1,107,10,5.3,Moderate
50,5.6,5.1,2.2,7.2,121,3.3,6.3,86,10,7.2,Moderate
38,2.3,2.8,4.4,4.9,103,1.5,6.2,96,6,14.2,Low
17,10.3,3.0,0.3,6.8,94,0.4,8.0,15,9,12.6,Moderate
36,5.5,0.7,1.0,6.0,83,1.4,7.7,23,4,8.2,Low
16,9.7,2.3,1.6,5.9,118,3.9,6.1,68,0,8.9,Moderate
38,5.6,3.9,3.7,3.3,27,2.5,5.7,40,5,6.2,Moderate
44,10.6,4.7,3.2,2.6,51,1.7,5.6,105,7,11.5,Moderate
16,4.2,1.3,2.1,2.5,110,0.7,7.9,76,6,12.6,Low
35,11.7,0.8,3.8,7.0,54,3.9,4.3,46,1,5.9,High
47,9.8,4.0,3.0,6.7,91,3.3,4.1,75,4,3.5,High
26,3.1,0.0,4.5,4.1,26,1.1,8.0,68,10,10.5,Low
36,7.7,1.1,4.1,1.9,82,0.3,6.4,100,3,9.8,Low
39,11.9,0.2,1.3,3.7,23,0.2,4.7,30,8,7.8,Moderate
41,6.7,1.0,1.4,5.3,141,0.5,5.2,91,9,10.7,Moderate
42,3.8,1.1,0.6,4.2,91,2.3,8.7,91,0,9.6,Moderate
30,6.8,2.3,1.7,6.5,129,3.7,8.3,29,5,6.0,Moderate
29,7.1,2.4,5.0,8.0,129,2.0,7.5,17,2,7.8,Moderate
17,9.4,5.2,2.0,2.3,56,3.4,6.4,43,10,8.1,Moderate
21,9.0,3.1,1.1,4.2,116,1.8,6.6,26,8,13.6,Moderate
35,6.0,4.3,3.8,4.0,117,2.8,8.9,98,4,14.5,Moderate
23,4.2,0.6,2.7,3.1,18,2.9,8.8,25,5,13.7,Moderate
32,8.5,1.4,0.7,2.4,88,0.7,5.1,120,10,11.6,Moderate
18,6.2,4.2,1.9,1.5,24,1.4,8.1,102,8,10.0,Low
39,3.3,0.3,2.1,7.2,28,2.5,5.0,112,8,11.3,Moderate
28,11.0,2.9,3.8,3.9,99,0.3,5.1,114,7,14.3,Moderate
23,8.9,3.6,0.1,4.5,35,1.4,7.4,59,8,6.0,Low
40,8.8,3.6,1.3,7.4,101,2.1,6.0,17,3,9.4,Moderate
16,10.2,0.1,2.6,6.4,91,4.0,8.7,96,5,11.3,Moderate
34,7.3,1.9,1.3,1.9,140,1.9,4.4,88,4,11.2,Moderate
42,10.2,3.8,3.1,5.0,51,3.3,6.6,55,4,6.0,Moderate
21,7.0,0.9,2.4,4.1,28,1.7,8.6,30,3,10.0,Low
22,2.7,4.2,1.8,6.6,26,3.2,8.5,100,1,12.6,Moderate
49,6.1,4.5,4.7,6.1,85,2.4,4.8,58,5,8.7,Moderate
28,7.0,5.9,3.2,5.8,72,3.5,5.8,1,8,12.5,High
31,9.2,1.3,0.6,3.4,140,1.6,7.1,96,0,7.3,Moderate
50,3.1,5.0,2.8,6.6,116,2.4,4.8,38,6,14.3,High
18,3.4,3.1,3.9,1.4,58,2.5,8.8,60,5,9.4,Moderate
16,4.6,2.2,3.5,2.1,64,1.7,8.6,106,2,10.2,Low
20,4.7,0.7,0.9,3.3,108,0.6,4.8,106,0,3.4,Moderate
18,9.3,4.4,4.9,1.5,61,0.4,4.6,62,3,5.0,Moderate
43,4.5,1.4,2.2,2.6,109,0.1,4.4,95,8,10.6,Moderate
32,8.3,2.2,0.8,6.8,126,3.5,8.5,17,1,8.0,Moderate
40,6.9,0.4,0.9,7.6,127,0.9,5.0,16,2,9.1,Moderate
48,7.7,4.8,0.5,3.1,16,0.8,6.1,97,1,3.8,Low
24,10.4,4.6,4.0,2.9,55,2.9,6.2,38,1,13.0,High
50,6.0,4.4,0.6,3.0,55,1.3,7.0,70,9,12.4,Low
28,9.7,1.8,0.6,2.9,109,2.0,4.4,105,10,5.2,Moderate
45,6.2,1.0,4.3,1.3,63,0.7,5.1,53,10,10.6,Moderate
29,5.5,3.8,1.7,7.5,71,3.8,8.7,116,7,12.8,Moderate
22,11.6,3.0,0.2,2.5,138,3.4,8.5,98,2,10.7,Moderate
28,3.8,1.1,0.3,3.9,58,3.5,7.9,93,6,6.7,Low
37,2.9,4.1,0.7,1.1,34,1.6,4.1,75,7,10.9,Moderate
35,9.7,5.9,1.1,7.0,19,3.0,5.6,34,2,5.5,High
30,2.7,4.5,3.3,6.1,127,0.6,7.1,10,1,6.8,Moderate
32,10.4,4.4,0.8,7.6,101,0.0,5.4,60,7,5.9,Moderate
38,6.4,5.7,0.6,6.5,143,0.1,8.5,43,2,9.7,Low
40,11.2,1.2,3.8,3.2,89,2.3,7.2,120,6,4.3,Moderate
39,9.2,3.4,3.4,2.7,80,1.8,4.4,67,0,14.2,High
43,8.1,5.9,2.2,5.9,87,2.1,8.5,24,5,7.0,High
29,11.5,1.0,2.7,3.5,52,0.0,8.8,47,8,5.6,Low
15,6.0,4.2,1.6,5.0,99,1.7,4.4,31,2,9.0,Moderate
39,11.5,3.5,2.4,1.0,87,2.9,6.7,83,6,6.3,Moderate
21,3.4,3.5,2.5,1.4,35,1.8,5.5,113,5,9.4,Moderate
23,6.8,4.2,1.9,4.7,130,2.9,6.0,94,7,7.2,Moderate
38,4.7,5.6,4.5,5.0,54,0.9,4.9,3,2,4.6,Moderate
15,7.4,4.7,0.1,6.3,72,3.3,6.9,117,2,6.2,Moderate
22,3.6,0.3,3.9,1.9,77,2.4,8.8,37,3,8.3,Low
38,10.4,5.1,0.6,4.6,11,0.8,6.5,116,2,3.4,Moderate
25,10.5,1.4,4.0,2.4,117,0.9,4.4,62,8,12.2,Moderate
31,11.6,2.3,3.1,1.7,39,2.5,7.1,46,10,10.5,Moderate
22,3.5,2.8,4.2,3.9,58,3.3,5.7,0,3,10.2,Moderate
49,8.2,2.9,0.5,2.1,149,1.7,8.3,2,5,9.6,Moderate
49,6.7,2.6,2.8,2.6,53,1.0,6.2,100,7,10.1,Low
47,5.4,5.6,2.5,3.2,22,3.5,5.0,85,10,14.2,Moderate
19,5.5,4.2,3.5,2.8,87,2.7,5.0,61,7,3.1,Moderate
42,6.1,3.8,2.7,1.6,135,1.8,7.8,63,4,3.6,Low
21,9.0,0.3,2.7,1.6,107,2.0,5.3,16,4,5.3,Moderate
23,8.0,5.4,2.1,2.4,35,0.8,7.8,77,5,5.0,Low
22,6.6,5.5,1.5,1.4,57,2.5,5.0,104,9,5.2,Moderate
26,2.8,4.7,2.4,5.4,75,1.4,5.6,61,6,11.1,Moderate
48,2.8,0.0,0.6,3.0,96,4.0,6.3,34,9,8.5,Low
47,2.0,0.3,4.8,3.0,88,1.9,8.7,12,6,14.9,Moderate
37,11.7,1.4,3.6,3.3,32,1.9,8.7,34,3,5.7,Low
38,2.1,0.8,4.8,5.6,90,2.3,5.0,42,5,6.7,Moderate
49,3.0,2.4,1.1,7.1,57,3.7,5.8,1,6,14.8,Moderate
36,5.1,5.5,4.4,6.3,133,3.2,4.7,55,4,13.0,High
41,10.1,2.8,4.0,6.1,139,1.8,6.5,110,4,8.6,Moderate
49,11.6,0.1,3.4,4.4,93,2.9,6.3,76,1,9.7,Moderate
15,9.9,1.7,3.1,5.9,29,2.3,8.5,50,6,13.1,Moderate
49,8.9,0.3,1.6,4.9,55,2.0,8.7,53,5,8.8,Low
28,7.2,0.2,4.1,2.5,140,0.8,5.9,15,10,5.5,Moderate
17,2.9,1.7,2.5,2.5,21,1.9,6.5,17,0,12.9,Moderate
15,11.6,1.7,0.4,3.1,49,1.0,8.5,6,3,9.5,Low
19,9.6,4.7,1.6,7.4,75,3.7,8.0,44,2,4.8,Moderate
40,8.4,5.8,4.7,4.8,109,1.3,4.0,35,2,9.1,High
28,9.6,2.2,4.3,6.1,87,3.8,5.6,40,6,8.0,High
41,9.2,2.6,4.9,3.4,25,2.1,6.1,93,10,13.5,Moderate
23,8.4,5.1,3.1,3.9,92,2.5,5.1,41,9,4.5,High
29,11.8,1.6,1.2,1.9,53,2.2,5.0,104,3,13.5,Moderate
29,11.0,0.9,0.8,2.2,143,0.5,4.2,6,7,9.1,Moderate
40,8.5,5.1,0.9,6.8,109,1.5,7.2,14,10,7.9,Moderate
27,8.9,0.3,0.1,5.1,31,0.4,5.3,59,8,4.9,Moderate
46,2.5,3.7,2.0,3.4,27,2.5,4.3,39,2,11.4,Moderate
46,8.7,3.4,1.0,6.6,21,1.8,5.2,82,4,14.1,Moderate
18,2.4,2.1,2.1,2.7,132,3.1,8.0,106,3,7.5,Moderate
44,7.9,1.9,4.7,7.8,126,0.9,8.3,36,9,5.9,Low
37,12.0,4.6,2.2,3.4,60,0.7,6.4,65,5,9.7,Moderate
29,7.6,0.5,4.4,3.4,80,1.6,6.1,105,10,12.6,Low
43,6.7,1.4,3.0,3.2,57,3.7,8.9,111,9,3.0,Low
50,5.1,4.4,1.2,1.9,28,2.8,5.0,54,3,10.6,Moderate
27,3.2,3.3,1.8,1.8,15,1.7,5.1,76,7,10.2,Moderate
46,9.3,0.8,0.4,5.5,93,2.1,5.5,103,2,6.8,High
21,3.9,5.3,1.7,7.1,62,0.3,4.9,104,10,8.4,Low
36,3.2,2.4,3.4,6.5,116,3.9,5.9,106,4,6.0,Moderate
42,6.2,5.0,0.4,2.0,110,2.7,8.6,106,0,12.5,Moderate
16,10.0,4.7,1.0,4.8,57,1.1,7.1,118,5,10.6,Moderate
20,9.5,3.7,1.9,1.7,144,2.3,6.1,94,10,9.4,Moderate
42,2.5,3.0,4.9,1.3,78,0.4,8.7,79,4,7.7,Low
42,6.6,5.9,3.9,5.6,20,3.9,4.2,105,7,6.5,Moderate
34,7.2,0.9,3.7,4.7,140,0.7,5.1,55,8,12.9,Moderate
44,8.4,4.4,0.6,1.6,131,2.6,6.8,43,7,8.4,Moderate
25,8.5,1.1,3.9,1.2,78,1.0,7.1,56,7,9.0,Low
42,5.6,2.0,3.9,7.9,32,2.9,4.2,5,2,9.2,Moderate
39,7.6,1.9,3.0,1.2,46,3.1,6.0,91,3,8.4,Low
47,6.8,5.7,5.0,4.1,18,2.7,7.2,31,10,6.1,Moderate
15,10.8,5.8,1.6,4.5,24,2.5,7.5,107,3,4.4,Moderate
41,7.3,1.1,4.7,1.8,140,3.6,7.2,73,10,4.2,Moderate
27,6.4,0.1,4.6,2.2,102,0.3,5.6,113,4,12.1,Moderate
17,6.0,4.3,0.1,3.5,26,1.3,4.5,17,8,5.7,Moderate
20,7.7,2.5,2.3,6.3,81,1.0,6.1,67,8,3.7,Low
22,10.0,0.5,4.9,4.5,130,4.0,4.6,72,9,12.6,High
41,7.4,4.1,0.5,5.5,20,1.6,8.7,6,0,4.8,Low
23,8.6,3.3,2.7,7.9,81,2.9,6.4,113,7,10.5,High
47,9.4,5.9,4.9,6.4,115,2.7,5.6,7,0,7.1,High
38,7.2,1.4,2.8,4.0,134,0.8,7.8,63,1,4.5,Low
29,6.3,2.4,0.9,4.1,44,1.0,6.5,106,6,8.0,Low
46,10.8,3.3,2.9,5.3,128,1.1,5.6,6,7,3.2,High
46,6.2,4.8,1.0,5.7,23,1.6,8.1,40,0,13.1,Low
38,6.6,3.3,2.6,4.5,23,0.9,8.3,39,2,9.2,Low
26,11.9,3.7,0.4,5.5,19,0.1,7.4,2,6,4.7,Moderate
16,2.0,1.4,3.0,1.2,149,3.5,4.2,16,8,5.8,Moderate
17,3.9,5.1,2.6,4.0,47,3.9,6.8,65,7,8.4,Moderate
31,5.8,2.6,3.7,3.0,117,1.4,7.8,78,7,5.3,Low
16,11.3,0.8,3.2,1.9,128,1.4,4.7,109,8,6.2,Moderate
16,2.7,4.0,2.7,1.7,43,0.0,5.1,92,9,9.4,Moderate
42,2.1,1.3,3.4,5.2,19,2.7,8.4,113,2,13.0,Moderate
37,2.5,0.6,0.7,4.7,131,3.3,4.1,111,7,7.8,Moderate
46,2.9,5.2,3.0,2.8,124,0.6,7.8,51,0,11.6,Moderate
47,2.4,2.8,0.9,4.3,10,0.6,6.4,21,7,13.5,Low
15,6.8,4.5,4.6,4.4,21,3.2,6.2,3,6,5.6,Moderate
33,7.8,1.7,0.3,2.4,112,2.5,4.0,120,7,12.7,Moderate
16,4.7,4.7,2.2,5.6,13,0.2,8.1,115,0,12.1,Moderate
40,6.0,0.7,3.5,6.5,150,2.5,5.8,5,5,7.3,Moderate
46,2.9,2.1,2.3,6.5,107,1.2,6.7,37,6,14.9,Low
20,5.4,5.9,0.5,5.2,115,1.5,7.4,25,10,6.2,Low
46,7.2,4.8,2.8,4.6,94,3.1,7.5,10,4,6.1,Moderate
18,9.3,3.0,3.2,1.4,130,3.2,8.8,89,4,12.3,Moderate
25,2.0,2.0,3.5,3.0,141,1.6,6.7,16,6,8.2,Low
31,6.7,5.2,1.9,1.7,91,3.8,6.0,87,10,7.0,Moderate
38,5.0,3.3,2.8,7.7,28,1.6,8.8,91,2,5.1,Low
19,10.5,4.6,2.3,1.9,139,3.1,7.2,98,5,12.2,High
48,9.2,4.5,3.4,2.1,21,1.9,5.5,30,6,12.4,Moderate
20,7.9,0.1,2.9,7.2,90,3.6,4.6,76,0,9.8,Moderate
36,4.8,0.8,2.6,7.6,83,3.6,8.2,117,1,14.5,Moderate
25,11.1,4.0,1.2,6.4,107,0.3,5.8,34,3,6.8,Moderate
30,2.5,1.0,0.0,1.0,15,3.7,7.3,15,7,5.6,Low
47,3.1,1.5,0.9,1.0,145,3.3,6.4,78,10,11.1,Moderate
23,5.9,5.7,0.6,3.6,134,3.2,5.0,106,9,12.1,Moderate
20,3.2,3.4,2.2,2.0,60,0.8,7.0,17,5,5.7,Low
30,11.6,4.5,3.1,1.1,20,3.2,4.3,110,0,3.9,High
43,10.0,3.3,1.1,4.2,136,3.4,6.1,100,9,12.7,Moderate
17,4.6,3.3,4.7,7.6,149,1.2,6.7,111,4,14.7,Moderate
34,7.9,0.6,0.0,3.3,82,3.8,6.2,61,6,10.7,Moderate
50,11.8,2.1,3.9,5.6,11,0.2,7.7,111,5,6.3,Low
33,10.8,1.7,3.1,5.6,17,0.6,8.1,112,8,15.0,Moderate
40,8.0,2.3,1.9,2.8,148,2.2,7.9,104,7,13.7,Moderate
17,11.0,4.8,0.3,5.6,133,2.3,4.2,26,3,9.2,High
33,11.9,2.2,3.1,2.5,62,2.6,5.0,118,10,12.9,High
34,9.4,2.7,1.9,1.9,19,0.1,6.7,34,4,12.8,Low
46,2.6,2.4,4.7,5.9,121,3.8,8.7,115,6,14.2,Moderate
21,6.0,0.6,2.7,1.8,17,0.2,8.2,44,7,13.1,Low
47,10.4,2.6,4.7,8.0,45,0.6,8.2,117,4,10.7,Moderate
32,4.3,1.2,1.1,2.3,115,0.1,5.5,34,8,10.3,Moderate
15,10.3,1.1,3.6,5.2,23,2.3,6.1,27,9,8.6,Moderate
25,3.2,0.6,3.1,3.9,95,3.7,6.4,102,3,10.5,Moderate
42,2.5,2.1,3.7,1.9,59,2.7,4.8,101,3,12.5,Moderate
39,5.8,4.5,1.1,1.2,29,3.3,4.2,8,7,14.6,Moderate
37,2.4,1.7,3.3,5.4,96,0.1,8.7,75,0,8.6,Low
45,11.6,1.9,2.5,6.6,144,2.2,5.2,14,7,9.9,High
44,10.3,3.9,3.7,6.9,146,1.8,5.2,20,4,8.3,High
49,10.0,1.2,1.6,4.4,138,2.0,4.4,51,10,11.0,Moderate
21,8.3,5.4,4.5,6.4,47,0.3,8.6,34,0,10.6,Moderate
30,4.2,3.1,0.4,5.7,53,2.7,6.9,105,3,3.2,Low
40,7.2,2.7,4.0,6.1,95,2.0,7.3,96,1,9.5,Low
16,8.0,3.3,4.3,4.4,53,3.1,8.6,50,3,4.1,Moderate
15,7.3,1.0,4.1,5.4,83,1.9,5.7,82,7,3.3,Moderate
26,4.6,3.7,2.6,6.6,128,0.6,7.1,54,4,12.5,Moderate
19,7.2,2.2,2.2,3.8,131,2.6,4.2,86,0,6.1,Moderate
46,6.9,5.4,5.0,6.6,143,0.7,4.9,76,6,7.1,Moderate
23,12.0,1.0,1.1,5.1,60,3.5,8.2,43,0,3.8,Moderate
49,11.0,3.0,2.7,2.2,47,2.5,7.8,64,8,5.2,Moderate
33,6.6,3.6,3.4,1.2,60,0.6,5.8,114,2,12.2,Moderate
30,8.2,0.2,3.5,3.5,19,3.8,5.9,92,2,8.9,High
17,9.5,2.2,1.0,4.8,129,2.1,6.7,87,5,13.6,Moderate
34,2.3,4.4,3.3,6.9,79,0.3,4.0,79,9,7.8,Moderate
38,10.9,4.9,4.1,1.9,94,2.5,5.2,24,5,6.2,High
47,10.6,1.9,0.3,6.6,66,1.0,5.0,118,10,7.2,Moderate
38,6.6,4.8,4.6,7.0,135,3.2,5.3,86,10,11.6,High
25,5.9,5.8,0.1,2.1,48,3.3,8.0,91,5,9.7,Low
22,4.7,5.1,1.8,7.0,42,3.9,5.4,46,0,13.9,Moderate
50,6.8,0.7,0.1,7.9,27,2.0,5.0,79,4,10.2,Low
34,2.4,4.4,0.4,6.1,66,1.8,6.5,106,5,8.9,Low
49,10.5,1.9,4.6,6.5,105,3.0,8.3,55,7,12.4,Moderate
39,2.4,5.9,1.8,8.0,57,0.5,5.2,37,0,14.4,Moderate
49,5.3,2.9,2.1,5.2,51,2.2,4.4,10,4,7.3,Moderate
39,11.3,0.7,1.1,3.2,36,2.2,5.8,66,2,6.0,Moderate
43,9.4,4.4,3.0,6.9,83,0.4,7.7,14,1,10.4,High
32,4.8,1.9,3.0,5.3,119,1.7,6.8,0,10,9.0,Low
32,4.5,6.0,1.9,5.1,41,3.4,8.1,6,7,14.9,Moderate
16,2.1,5.9,1.7,2.8,35,3.4,8.8,0,6,8.5,Moderate
49,9.0,3.9,4.4,6.3,34,0.4,8.0,48,9,3.9,Moderate
30,2.5,0.8,1.9,1.6,84,0.4,7.0,95,6,14.7,Low
50,7.3,4.1,2.5,7.5,32,1.1,6.5,72,4,13.1,Low
47,11.6,0.6,1.4,3.3,66,3.5,4.2,28,8,5.1,Moderate
18,3.1,0.2,3.9,1.9,135,0.5,8.9,25,4,13.9,Moderate
47,10.9,4.9,2.0,4.1,96,2.9,5.9,86,1,7.1,High
28,11.9,1.3,2.6,1.3,40,0.4,4.8,44,2,7.5,Moderate
35,2.6,2.3,1.3,5.8,73,2.5,7.3,106,3,13.9,Low
34,10.8,5.8,4.9,7.3,42,1.4,5.4,92,4,9.4,Moderate
22,7.2,2.0,1.5,6.9,11,3.2,6.9,115,2,4.7,Low
21,11.1,1.8,3.9,1.9,27,0.9,6.9,101,6,7.4,Low
17,7.7,5.5,2.1,1.9,93,2.6,6.2,96,4,11.7,Moderate
31,8.6,0.7,1.0,6.7,44,0.9,8.2,70,4,5.1,Low
47,7.4,4.6,4.0,7.5,123,2.9,5.3,11,5,10.1,High
26,10.6,5.9,1.7,4.2,119,3.5,6.2,94,6,11.3,Moderate
36,9.3,5.4,4.3,4.5,97,0.5,6.7,31,9,7.1,Moderate
36,7.2,3.9,4.6,3.2,81,3.5,7.3,117,9,11.3,Moderate
44,10.7,1.9,4.3,7.3,134,2.4,7.9,19,7,13.6,High
22,4.5,1.5,0.2,5.5,39,0.5,6.0,118,8,8.7,Low
41,3.6,4.9,3.9,3.0,62,1.7,7.2,50,10,7.6,Low
41,3.6,5.3,2.1,3.1,147,0.6,4.8,80,3,6.0,Moderate
48,5.3,3.2,4.4,7.2,96,2.8,8.7,35,4,10.3,Moderate
35,4.4,1.5,3.2,1.1,148,3.0,5.9,66,4,13.6,Moderate
44,11.3,0.7,4.2,3.3,22,0.4,7.6,0,7,6.9,Moderate
47,3.1,0.5,2.5,4.9,49,2.0,4.1,113,8,7.8,Low
42,9.0,4.3,2.7,2.0,98,3.3,5.0,26,6,7.9,High
47,3.9,2.5,0.7,1.6,77,3.7,6.4,116,4,9.7,Low
19,10.8,5.4,3.9,6.7,51,2.1,8.4,110,2,5.7,Moderate
33,11.6,4.4,2.1,7.3,103,3.8,6.6,39,0,12.9,High
18,6.7,1.1,2.5,6.8,28,2.1,8.6,96,10,6.5,Low
49,10.8,3.7,3.9,7.3,32,1.6,6.4,83,8,11.5,Moderate
31,2.1,2.6,3.0,4.9,63,3.4,6.5,13,4,9.2,Moderate
42,10.2,3.5,1.0,6.7,74,2.0,4.6,99,8,10.0,Moderate
44,4.3,4.4,3.0,3.7,149,1.9,8.0,68,9,5.2,Low
43,11.1,4.8,2.0,5.7,33,2.0,5.2,86,3,11.8,Moderate
20,2.0,5.1,2.3,7.9,43,3.4,8.5,108,4,5.3,Moderate
49,7.6,1.5,0.1,2.6,62,3.3,8.6,119,3,4.4,Low
38,9.6,0.2,1.1,3.7,145,1.6,8.7,78,1,9.6,Moderate
43,4.6,4.4,1.4,4.4,27,1.3,6.6,5,0,11.5,Moderate
45,3.9,0.6,3.6,2.0,66,2.0,7.4,32,7,3.6,Low
49,2.8,1.9,0.1,1.6,121,2.3,7.9,54,3,3.8,Low
47,5.3,0.0,2.0,6.8,14,1.0,4.7,18,4,12.6,Moderate
35,7.6,4.1,4.6,7.8,22,3.2,7.0,76,5,12.7,Moderate
46,3.2,1.0,0.6,3.8,92,1.9,4.2,28,7,5.9,Moderate
37,5.8,3.9,2.6,1.6,38,1.3,6.5,60,10,10.4,Low
47,2.1,6.0,3.9,1.5,12,0.4,4.8,69,7,8.3,Moderate
17,10.2,0.4,4.7,7.2,99,1.0,4.9,78,6,10.6,Moderate
32,3.3,0.5,3.7,4.2,113,3.8,5.8,79,3,13.4,Moderate
39,4.8,2.0,3.6,3.2,132,1.2,6.2,23,5,4.0,Low
45,2.2,5.2,4.1,4.3,85,0.7,7.1,22,3,12.3,Moderate
17,6.3,1.3,2.2,3.2,139,1.8,4.4,111,6,8.9,Moderate
38,10.4,2.2,4.0,4.4,117,1.2,6.5,9,10,9.8,Moderate
46,5.9,0.4,0.0,7.0,91,0.1,4.9,53,0,10.8,Moderate
36,3.8,4.6,4.6,5.1,86,1.3,6.9,104,4,14.1,Moderate
37,9.5,2.4,2.2,5.9,11,2.2,7.2,40,9,3.7,Moderate
16,9.9,4.6,2.8,3.6,136,2.2,6.8,48,9,3.4,Moderate
41,3.7,5.4,1.3,6.2,144,1.4,7.7,16,3,5.1,Low
16,9.7,1.4,3.7,5.7,35,1.8,5.7,112,10,14.8,Moderate
40,11.5,4.8,0.4,1.8,97,3.9,7.8,55,6,11.6,Moderate
31,3.7,0.4,4.4,5.0,25,1.5,6.2,107,8,10.4,Low
47,9.7,5.4,4.1,2.8,82,1.0,6.4,44,4,3.6,Moderate
23,9.1,3.9,1.1,6.6,41,1.0,7.2,29,3,13.5,Moderate
43,6.7,5.2,4.0,4.0,24,1.8,4.1,43,8,12.8,Moderate
40,2.6,0.0,3.9,8.0,150,3.0,7.3,109,4,11.0,Moderate
49,2.7,1.0,3.2,1.6,14,0.8,7.1,73,8,7.1,Low
39,10.5,2.3,1.9,6.5,83,2.8,5.5,54,7,3.8,Moderate
38,11.9,2.3,1.4,5.7,61,0.1,4.4,18,3,10.0,Moderate
27,8.8,1.4,1.2,6.4,86,1.7,4.5,28,10,11.6,Moderate
21,6.5,2.3,1.6,3.2,119,3.1,8.6,1,10,4.1,Moderate
50,8.5,0.8,4.5,4.4,115,1.4,7.4,35,6,10.6,Moderate
34,7.9,2.5,0.4,6.6,136,2.3,4.6,18,4,6.4,Moderate
15,5.8,4.8,4.1,2.6,16,0.8,5.8,6,9,12.2,Moderate
22,2.7,2.9,1.7,2.6,49,3.0,7.0,25,3,9.5,Low
30,10.2,0.1,2.6,4.9,108,0.2,8.2,78,4,4.5,Moderate
28,5.7,2.5,4.0,4.7,94,3.4,4.2,110,4,9.3,Moderate
26,10.2,0.2,4.4,3.0,74,0.8,5.2,119,10,7.7,Moderate
37,4.5,5.8,1.7,3.1,141,3.5,8.4,37,8,5.2,Moderate
29,2.0,0.8,2.3,2.9,20,1.4,4.0,2,8,13.1,Moderate
42,3.6,4.2,2.1,6.4,117,2.9,5.0,101,5,3.1,Moderate
48,6.7,5.8,0.1,5.6,35,1.3,8.8,79,3,6.7,Low
16,11.4,5.0,1.5,6.8,94,3.6,7.1,65,1,3.2,Moderate
46,3.0,4.2,2.3,7.8,132,0.5,5.3,94,2,4.2,Moderate
37,10.5,5.0,2.1,4.3,77,0.7,4.3,91,1,6.6,Moderate
36,7.3,5.9,3.6,1.5,113,2.0,4.1,70,4,3.7,Moderate
39,10.3,3.7,1.9,1.3,89,0.3,5.2,93,5,10.2,Moderate
36,5.0,3.4,2.4,3.1,62,0.8,8.4,42,10,4.0,Low
36,10.4,3.8,2.1,7.5,115,3.8,6.1,61,4,11.4,High
20,9.7,3.2,3.7,4.7,53,3.9,7.6,70,1,3.6,Moderate
29,4.3,3.8,4.3,2.9,149,1.5,8.6,99,4,3.7,Low
47,3.3,2.7,2.7,3.8,99,3.7,6.0,92,8,6.7,Moderate
22,10.7,1.3,3.9,5.2,110,2.2,5.0,23,3,13.8,High
19,11.6,0.7,1.5,5.6,106,1.1,6.6,115,9,10.7,Moderate
18,2.3,0.4,2.7,2.1,18,2.8,8.5,38,1,12.2,Moderate
20,9.3,1.6,1.7,7.8,21,2.6,8.0,67,2,4.7,Moderate
46,11.1,0.3,2.1,4.8,78,4.0,4.3,92,2,13.0,High
44,10.6,3.4,3.7,1.9,37,1.1,7.5,43,8,3.1,Moderate
49,11.6,1.7,4.4,7.3,65,2.7,6.9,4,3,5.6,Moderate
30,9.6,4.9,0.6,1.5,108,0.2,8.5,54,0,10.4,Moderate
27,6.4,0.4,3.2,7.4,119,0.5,4.6,92,0,7.5,Moderate
44,5.1,1.4,2.9,8.0,86,0.0,6.7,29,6,14.8,Moderate
33,5.2,4.4,0.6,5.9,112,4.0,8.4,28,6,3.4,Moderate
31,9.2,3.6,1.1,6.4,115,3.2,6.1,25,1,15.0,High
33,9.5,0.4,1.6,3.4,118,3.1,6.4,82,8,10.5,Moderate
42,4.0,5.3,0.8,7.6,121,2.0,4.4,25,8,9.7,Moderate
40,10.7,5.3,1.2,4.7,67,1.2,5.4,36,4,3.7,Moderate
40,9.1,2.0,1.3,6.1,87,0.6,5.6,90,2,6.3,Moderate
37,7.6,2.0,1.7,7.5,84,1.1,8.7,93,2,14.1,Low
23,6.7,5.9,3.7,7.8,51,1.5,5.4,114,2,7.3,Moderate
26,7.4,3.8,2.9,6.8,77,3.0,6.3,52,5,10.9,Moderate
15,3.6,3.2,4.9,3.1,42,2.2,7.4,29,3,15.0,Moderate
15,4.0,5.0,2.1,7.8,80,0.3,4.8,2,7,6.2,Moderate
48,2.9,1.7,3.8,5.4,65,0.1,6.4,42,10,9.9,Low
46,3.5,2.6,4.4,7.5,114,0.4,7.7,6,10,11.4,Moderate
39,6.5,1.6,3.4,5.7,110,1.6,8.3,48,10,5.0,Low
15,7.3,4.7,2.1,3.2,60,3.7,7.1,120,4,4.8,Moderate
30,2.2,3.4,3.8,3.6,83,2.5,7.3,72,0,8.5,Moderate
19,10.0,4.0,1.0,4.9,130,3.2,4.6,116,8,7.6,High
36,4.9,1.5,1.6,6.5,14,1.9,8.7,40,0,11.6,Low
43,11.1,1.3,2.7,3.2,92,1.4,4.7,105,5,3.8,Moderate
17,11.7,2.9,2.9,5.1,60,0.4,7.9,76,0,14.7,Moderate
26,3.9,4.4,0.1,3.4,19,3.5,5.3,78,2,3.2,Moderate
40,6.6,3.2,4.7,6.7,149,3.1,8.7,53,9,10.2,Moderate
30,2.0,0.2,3.5,4.3,13,0.7,7.6,68,4,9.8,Low
36,8.0,5.2,2.5,1.5,104,2.0,7.8,92,9,4.6,Low
43,8.1,0.4,4.7,2.2,89,1.9,5.1,98,6,4.8,Moderate
28,4.5,5.7,2.2,1.4,45,2.5,6.2,90,9,12.5,Moderate
42,7.6,0.2,4.9,4.5,34,3.8,7.1,26,7,13.7,Moderate
19,4.3,4.2,2.6,1.7,107,2.3,7.8,7,8,6.4,Moderate
44,3.6,0.5,0.6,1.8,110,2.2,4.5,31,5,8.3,Moderate
19,8.5,5.5,3.8,7.6,18,0.2,8.8,83,10,7.3,Moderate
26,5.3,2.8,3.4,7.1,70,0.3,8.5,63,8,3.9,Low
30,7.9,0.8,3.9,4.2,62,0.7,5.4,9,7,11.1,Moderate
40,6.3,2.0,4.8,7.9,72,0.1,8.1,12,8,12.9,Low
40,11.8,1.0,3.9,1.0,130,3.0,6.6,62,9,6.7,Moderate
35,3.5,1.0,3.1,5.3,114,2.9,6.3,92,3,14.9,Moderate
50,6.6,5.7,4.3,5.3,13,0.5,5.6,34,8,3.9,Moderate
47,8.8,2.7,3.4,4.2,102,3.3,6.9,60,6,10.9,Moderate
44,6.0,4.7,2.0,3.8,37,0.6,7.6,53,4,8.4,Low
37,11.7,3.8,4.4,4.2,89,1.2,6.1,7,4,8.4,Moderate
24,9.2,4.1,1.1,3.9,85,1.0,7.1,28,0,8.5,Moderate
19,8.6,0.8,3.6,6.1,125,1.5,7.5,94,1,6.1,Moderate
50,9.6,1.4,4.4,1.9,78,1.0,7.6,40,9,11.6,Moderate
48,11.5,4.7,3.7,2.4,107,2.0,4.3,29,2,11.7,High
45,11.1,5.8,3.5,2.3,10,1.6,8.3,85,7,6.4,Moderate
24,9.2,1.6,3.8,2.8,105,3.9,6.3,20,5,13.0,High
33,9.5,1.6,2.3,4.7,26,0.2,5.3,75,9,6.8,Moderate
46,3.5,2.8,4.4,1.8,121,0.6,5.2,10,10,11.7,Moderate
15,3.0,5.9,1.0,7.1,100,0.2,6.4,1,4,4.5,Low
19,7.7,1.6,0.6,3.1,97,2.5,8.4,49,0,5.0,Moderate
18,2.2,2.4,1.4,2.1,99,0.2,5.9,40,10,6.8,Low
30,6.8,5.3,2.7,5.7,58,3.3,7.7,65,8,10.1,Moderate
38,4.1,0.0,2.6,1.3,47,2.0,4.5,97,2,10.7,Moderate
30,5.5,0.2,4.1,5.3,141,2.1,6.4,2,2,7.8,Moderate
16,9.8,3.6,2.0,5.9,68,2.2,9.0,79,1,3.9,Moderate
42,11.4,5.4,2.4,2.5,77,0.7,7.9,50,3,7.5,Moderate
46,2.7,1.4,0.1,1.3,139,0.8,5.1,67,1,11.3,Moderate
41,7.3,2.8,2.0,3.5,58,1.3,6.5,86,8,11.1,Low
34,10.8,2.7,3.2,1.7,135,2.4,5.2,120,9,4.9,High
38,2.8,2.8,0.1,1.8,120,0.8,6.0,113,6,3.1,Low
26,10.2,3.7,1.4,2.8,57,0.5,7.9,83,7,12.0,Moderate
49,5.6,2.8,1.0,3.1,60,3.9,7.9,24,2,4.3,Moderate
47,5.2,2.7,0.2,4.7,52,0.1,5.1,29,5,4.0,Low
47,11.8,2.8,2.4,5.7,107,3.2,8.6,81,9,3.0,Moderate
26,4.0,3.5,0.9,5.1,133,3.2,7.0,105,5,8.2,Moderate
17,8.9,3.2,3.7,2.0,89,1.2,5.9,10,0,9.0,High
15,10.2,5.1,4.2,2.2,120,0.5,6.5,92,5,10.7,Moderate
47,2.4,0.3,2.7,7.2,36,0.6,7.0,16,2,6.6,Low
24,8.7,5.0,4.9,4.9,122,2.8,6.8,25,10,11.5,High
43,11.5,5.1,2.3,7.1,95,2.6,6.4,119,2,5.0,High
27,3.2,1.7,2.6,3.6,123,3.1,6.5,120,2,13.0,Moderate
26,11.0,2.8,4.9,5.3,133,3.7,4.9,22,9,9.9,High
45,7.9,2.6,1.2,4.7,58,2.8,8.1,55,10,10.0,Low
16,8.2,1.3,4.7,3.2,85,0.6,6.7,51,10,5.5,Moderate
49,8.1,2.4,0.2,4.3,64,1.0,4.7,47,9,3.9,Moderate
37,5.0,0.3,2.2,4.5,65,3.4,7.8,19,10,8.6,Moderate
31,11.4,1.7,0.4,2.4,104,0.8,8.7,108,7,10.4,Moderate
40,11.5,4.9,3.6,3.2,53,0.3,8.7,1,4,4.1,Moderate
22,8.3,1.7,3.0,6.5,96,2.8,5.8,87,3,14.4,High
43,9.8,4.9,3.5,7.4,93,1.6,4.7,30,8,14.8,High
40,8.1,3.2,1.9,3.5,25,3.7,6.6,26,8,9.5,Moderate
24,6.8,5.3,1.8,3.1,46,2.6,4.6,1,0,14.4,High
40,8.6,3.4,0.2,2.4,86,0.4,8.7,120,1,5.2,Moderate
48,7.5,0.2,1.7,5.7,54,3.8,4.9,77,7,3.3,Moderate
21,8.0,4.1,4.6,3.3,71,1.0,5.3,3,4,3.5,Moderate
18,9.8,0.3,1.9,7.9,109,1.3,6.0,112,6,10.1,Moderate
25,6.8,2.7,4.2,3.3,61,1.6,5.9,12,0,3.7,Moderate
43,2.4,5.6,4.2,3.8,28,0.2,8.0,99,9,14.5,Low
50,3.6,1.0,1.9,5.2,118,2.0,6.3,34,4,4.7,Low
39,6.4,2.3,3.2,6.6,53,0.5,4.9,107,10,6.7,Low
35,9.2,4.4,0.5,4.3,16,1.6,5.3,117,2,12.9,Moderate
50,7.9,5.3,0.5,4.0,126,1.4,6.5,118,9,5.6,Low
24,8.5,4.0,0.2,8.0,77,3.1,4.7,71,1,5.9,High
23,6.8,1.5,2.9,1.1,43,3.2,7.1,65,1,10.7,Moderate
38,8.2,4.0,2.1,7.3,78,0.6,6.8,5,8,6.3,Moderate
49,5.3,1.8,2.7,2.0,64,1.5,7.6,30,3,5.6,Low
49,6.7,4.3,2.6,6.5,19,1.5,8.7,117,3,6.1,Low
50,9.4,5.7,1.8,5.3,51,0.6,8.6,9,6,8.9,Moderate
32,10.7,4.3,3.4,3.4,50,3.2,8.7,107,9,14.6,Moderate
46,6.3,5.2,3.8,7.1,131,2.8,5.2,20,9,13.0,High
38,2.4,0.0,0.1,1.1,147,0.8,4.7,105,1,6.4,Moderate
37,3.6,4.3,1.0,2.6,19,1.5,5.5,73,2,7.4,Moderate
46,2.2,5.0,3.6,5.0,111,0.4,8.5,22,2,8.6,Moderate
26,8.5,0.2,1.9,3.5,137,2.5,8.9,2,5,14.7,Moderate
27,5.3,5.2,3.3,5.3,145,0.5,8.3,31,2,5.1,Moderate
37,7.4,1.5,1.7,1.2,101,3.9,4.6,19,10,7.3,Moderate
39,6.9,4.0,2.0,1.8,122,3.1,8.7,73,4,11.8,Moderate
49,2.8,4.8,0.8,1.9,87,1.6,6.1,28,3,14.6,Moderate
44,6.0,4.0,1.3,2.3,94,2.3,4.0,104,2,4.9,Moderate
31,4.2,0.6,3.0,4.2,39,3.6,6.2,51,7,5.7,Low
34,6.2,3.6,2.2,6.3,58,2.2,4.2,114,9,5.7,Moderate
39,4.0,3.3,3.9,7.3,18,0.7,6.7,45,2,3.3,Low
36,10.4,5.4,4.3,6.8,78,1.5,5.7,33,5,10.2,Moderate
27,3.7,2.4,2.7,2.4,67,3.4,6.4,100,6,11.0,Moderate
33,11.6,1.9,3.8,4.1,71,2.6,7.1,83,6,10.2,Moderate
50,6.2,4.5,1.5,2.4,61,2.6,8.3,60,1,3.9,Moderate
26,10.5,2.5,2.1,2.9,49,3.5,7.3,71,2,3.8,Moderate
33,8.3,3.9,3.6,4.5,72,3.6,6.2,70,9,5.5,Moderate
26,9.4,3.9,1.9,1.5,59,3.7,8.1,69,9,6.5,Moderate
23,9.7,5.3,2.9,2.5,150,0.4,8.5,10,3,12.4,Moderate
21,7.0,3.6,0.9,7.5,87,2.2,4.6,107,6,4.9,Moderate
42,7.4,3.0,3.0,4.3,106,3.0,6.7,81,1,3.5,Moderate
28,7.1,0.8,4.3,4.1,52,3.0,5.4,114,2,7.7,Moderate
45,7.9,0.7,4.3,1.1,45,2.4,4.2,105,6,8.0,Moderate
33,2.3,0.9,3.6,2.7,131,0.7,7.3,120,6,8.4,Low
30,6.0,1.0,3.7,7.1,117,3.2,8.3,92,9,12.9,Moderate
19,8.1,3.8,2.8,2.2,19,2.9,4.8,88,2,4.2,High
49,8.0,4.4,2.9,3.9,104,0.3,8.1,62,0,11.4,Moderate
26,9.9,3.2,0.7,1.1,15,1.9,8.3,20,2,7.1,Moderate
39,8.6,5.0,2.2,4.3,66,0.7,8.6,109,4,6.7,Moderate
35,11.9,5.9,2.3,1.1,138,1.3,5.3,2,6,14.2,High
50,4.8,4.9,4.8,6.7,80,0.1,8.5,81,3,6.0,Low
37,5.6,4.2,2.2,6.8,30,1.6,5.6,87,10,10.7,Moderate
30,5.8,3.2,2.7,6.5,101,2.2,6.8,110,10,6.3,Moderate
28,6.7,2.7,2.7,3.0,136,2.5,4.3,101,0,9.1,Moderate
45,10.4,0.5,3.2,6.9,89,2.7,4.2,9,5,12.4,High
19,4.4,2.4,3.7,4.8,65,3.3,7.6,26,1,13.6,Moderate
49,9.8,5.5,1.1,3.6,125,0.9,6.2,11,2,13.1,Moderate
37,6.1,4.8,2.6,5.4,34,0.5,5.3,6,3,10.0,Moderate
43,8.0,1.3,4.1,1.1,14,3.4,5.0,16,5,6.0,Moderate
25,8.3,2.8,2.3,2.0,129,0.6,7.3,64,5,10.9,Moderate
32,5.7,4.9,1.4,6.2,30,3.9,4.0,63,6,11.5,Moderate
26,7.1,0.4,3.3,2.7,27,3.4,8.0,113,4,3.1,Low
23,6.1,2.3,4.1,5.2,66,2.0,4.4,25,6,8.3,Moderate
24,2.7,5.1,0.3,3.7,102,3.9,5.0,14,1,13.1,High
31,6.4,2.4,3.9,7.0,28,0.4,5.9,114,0,8.9,Moderate
21,3.0,0.5,4.1,7.7,137,1.2,6.4,32,9,6.7,Low
27,6.1,3.3,2.3,7.2,106,2.6,5.8,61,7,13.5,High
23,7.9,5.2,4.9,2.9,140,1.4,5.6,100,0,4.9,Moderate
41,7.8,3.5,3.9,2.4,30,3.7,8.8,46,1,5.5,Moderate
16,8.6,1.4,3.9,4.3,49,0.3,7.2,94,10,11.2,Moderate
19,3.0,2.3,3.7,1.1,76,2.2,4.1,34,9,7.2,Moderate
43,8.5,2.7,0.8,1.2,136,2.4,6.2,64,5,11.6,Moderate
33,5.1,3.5,1.1,4.9,64,2.6,8.4,71,0,4.9,Moderate
22,6.0,4.6,2.3,4.6,118,1.0,5.5,75,9,6.0,Moderate
15,10.6,0.6,1.3,8.0,107,1.5,4.5,117,2,4.9,Moderate
36,2.1,5.3,2.1,2.4,121,3.4,7.8,120,6,14.4,Moderate
31,7.9,0.1,4.4,2.8,124,0.8,7.0,82,7,7.9,Low
21,8.0,2.2,4.1,1.8,126,3.3,6.9,24,3,7.0,Moderate
39,6.0,0.2,3.2,7.4,96,2.3,4.3,56,2,3.2,Moderate
18,4.4,2.4,4.3,6.4,90,3.0,4.7,31,0,4.8,Moderate
50,4.3,3.2,3.9,6.8,75,2.9,7.1,62,8,8.1,Moderate
20,10.8,3.1,2.1,7.3,28,0.8,5.0,11,9,3.8,Moderate
45,6.4,1.0,1.0,4.7,144,2.3,6.5,62,5,9.1,Low
33,5.3,3.9,2.6,4.2,127,3.5,6.7,76,5,8.5,Moderate
41,6.5,0.3,3.7,3.3,51,1.7,5.4,91,8,12.2,Moderate
24,8.7,4.6,2.2,5.1,51,3.9,8.7,0,0,10.9,High
40,3.5,5.7,3.3,4.2,68,1.8,8.2,50,5,8.4,Low
33,6.5,2.0,0.5,4.2,29,0.6,7.6,69,4,5.7,Low
17,7.9,3.1,3.7,7.6,82,1.6,4.4,7,10,11.7,Moderate
27,11.5,2.3,4.1,7.9,26,3.8,4.5,67,5,11.5,High
42,4.5,0.0,3.5,6.6,36,1.3,6.5,4,10,4.8,Low
34,5.6,2.3,4.8,6.3,11,3.5,4.8,88,7,14.0,Moderate
42,5.8,4.8,4.1,5.8,72,3.5,8.9,85,4,3.8,Moderate
22,8.1,3.6,4.5,2.2,71,1.4,4.8,91,1,3.7,Moderate
15,5.6,0.6,4.7,1.4,109,0.3,6.4,38,1,5.2,Low
17,7.3,5.1,4.0,5.8,28,2.9,5.8,22,9,13.9,High
27,9.8,3.2,3.4,6.1,26,1.2,7.2,67,4,9.2,Moderate
42,9.1,5.1,0.0,1.3,78,3.1,4.6,51,2,12.5,High
39,6.5,3.5,2.3,7.5,126,1.8,6.2,3,9,5.7,Moderate
47,10.6,3.4,2.9,1.6,90,1.9,5.4,46,2,8.9,High
20,7.6,0.6,1.5,3.0,48,3.1,8.4,20,7,7.3,Low
46,7.4,1.0,1.6,5.7,45,1.5,4.2,100,6,12.9,Low
35,2.3,5.8,4.8,2.2,141,1.8,8.6,55,0,3.3,Moderate
30,11.9,1.4,4.5,1.4,38,1.5,8.2,104,4,5.9,Low
35,3.2,5.9,4.2,3.3,60,1.5,5.5,65,8,4.8,Moderate
25,4.3,3.2,2.0,6.4,23,2.1,7.9,58,3,13.3,Moderate
50,2.5,0.8,0.1,3.9,78,3.2,4.2,6,0,8.6,Moderate
49,8.4,0.6,0.4,5.6,66,1.4,8.8,48,7,7.9,Low
33,4.2,1.3,1.6,5.1,21,2.1,6.6,15,4,8.4,Low
34,3.8,5.6,0.1,1.2,26,2.7,5.5,16,1,14.7,High
32,2.9,2.5,0.1,7.9,39,1.1,5.8,83,0,13.2,Moderate
28,3.0,2.4,4.6,1.3,97,1.1,4.3,86,2,11.5,Moderate
29,7.8,1.9,3.5,7.8,108,3.7,8.9,97,8,6.5,Moderate
45,8.9,0.9,1.5,4.8,32,2.9,4.2,74,0,5.0,Moderate
15,6.0,2.9,0.7,7.7,138,2.3,7.3,33,3,14.1,Moderate
17,6.8,0.8,2.6,1.8,88,2.6,6.2,32,7,8.1,Moderate
30,8.9,5.0,0.0,4.4,41,0.1,8.7,25,7,6.3,Moderate
37,2.2,2.2,4.7,2.2,18,2.5,5.2,65,9,8.7,Moderate
25,5.2,2.2,2.1,1.4,24,2.0,6.7,62,10,14.0,Low
26,11.7,2.8,2.0,5.3,36,2.2,6.4,86,10,7.6,Moderate
24,7.8,2.7,2.0,2.5,118,1.4,7.5,40,7,9.8,Low
46,4.5,6.0,0.3,5.1,85,0.3,4.3,85,9,12.6,Moderate
30,7.2,3.3,3.2,1.8,74,0.8,5.0,57,7,8.1,Moderate
22,5.4,0.5,3.7,3.3,118,3.8,5.1,97,3,5.8,Moderate
26,7.3,3.6,3.4,6.5,138,1.6,7.7,78,7,14.9,Moderate
38,3.3,0.9,0.7,4.1,19,1.9,4.9,9,8,14.5,Moderate
42,3.3,0.2,2.9,5.4,56,0.2,6.9,14,6,13.1,Low
22,3.4,5.8,2.8,5.5,132,0.2,5.1,41,1,11.3,Moderate
42,11.4,4.6,4.3,6.9,68,2.9,8.3,92,8,6.5,Moderate
50,9.3,5.9,1.9,3.3,105,2.2,8.7,56,10,14.0,Moderate
40,3.6,2.9,1.9,5.8,112,2.0,6.6,86,7,6.3,Low
22,3.9,3.2,3.1,7.7,133,1.0,5.8,16,4,12.6,Moderate
42,9.3,1.0,3.2,6.1,95,3.0,5.2,59,2,14.0,High
42,3.6,1.5,2.3,4.4,121,0.7,4.2,8,6,10.2,Moderate
50,4.3,5.0,2.2,5.4,36,0.8,5.3,113,1,12.6,Moderate
41,11.6,2.1,2.5,6.2,27,1.8,7.3,35,2,12.5,Moderate
31,4.6,5.0,4.3,5.3,91,1.1,6.7,72,8,5.3,Low
23,8.6,4.3,2.3,1.1,81,1.0,8.7,79,3,11.0,Moderate
47,11.8,1.1,4.7,2.4,63,2.6,6.0,35,3,4.1,Moderate
34,5.7,3.0,2.5,6.7,80,2.6,7.5,47,2,9.1,Moderate
27,2.2,4.1,4.7,2.9,47,3.3,6.4,50,4,4.9,Moderate
42,4.4,1.4,4.2,6.1,146,1.7,6.6,96,2,8.0,Low
43,10.3,5.0,1.8,3.6,44,0.3,5.3,118,8,13.0,Moderate
27,10.6,3.3,4.3,4.7,91,1.1,6.3,94,2,14.8,Moderate
49,9.7,1.0,0.6,1.5,142,3.9,6.4,69,1,6.8,Moderate
20,3.1,3.5,4.6,2.3,13,2.4,7.5,73,4,9.4,Moderate
32,10.0,6.0,3.2,7.7,32,2.8,8.7,79,5,9.1,Moderate
19,11.2,0.9,0.3,7.2,57,0.0,5.6,67,0,14.5,Moderate
39,8.0,4.9,3.2,5.6,134,2.1,4.2,117,10,8.7,Moderate
16,11.4,1.2,4.9,4.2,64,0.2,6.5,21,5,11.4,Moderate
24,10.3,4.7,0.3,5.7,77,2.3,6.7,76,9,14.1,Moderate
44,8.7,4.4,2.8,5.3,97,3.7,4.8,79,2,7.5,High
19,7.8,1.8,3.7,5.0,10,3.9,7.8,115,3,13.8,Moderate
47,5.5,2.0,4.1,1.4,144,2.2,8.9,92,5,14.0,Moderate
15,3.6,4.8,2.1,5.4,104,1.8,8.7,5,7,14.2,Moderate
32,8.0,2.8,1.0,6.4,149,3.8,5.0,25,8,6.2,Moderate
46,5.2,4.4,0.2,8.0,115,2.7,8.4,74,5,7.8,Moderate
25,10.7,0.9,2.9,1.1,142,0.3,7.5,87,6,13.4,Moderate
35,11.9,5.1,2.3,6.1,117,1.9,6.3,92,4,7.3,Moderate
40,9.5,4.3,4.7,5.0,51,1.0,6.7,2,8,10.2,Moderate
39,2.9,5.4,0.3,4.0,111,1.9,8.2,51,3,4.4,Low
36,4.9,0.8,3.4,1.9,133,1.8,6.4,73,9,3.7,Low
41,3.1,3.6,0.1,3.9,149,2.3,5.9,59,10,7.9,Moderate
27,8.5,3.6,0.9,3.5,112,1.4,6.5,62,5,9.9,Moderate
47,9.7,2.1,2.3,3.1,83,0.7,6.9,64,4,7.7,Moderate
48,11.3,2.8,2.3,6.1,117,2.0,4.9,51,0,9.9,Moderate
49,6.4,0.2,3.4,5.9,131,3.3,8.5,106,4,9.2,Moderate
15,11.0,4.5,4.6,5.1,26,2.7,7.4,89,4,11.2,Moderate
35,10.8,3.3,3.2,7.6,80,1.4,7.2,75,8,10.8,Moderate
20,5.2,0.3,4.8,3.4,71,3.7,4.5,13,0,8.1,Moderate
42,10.7,4.1,4.4,2.7,50,3.6,7.0,88,4,8.1,Moderate
31,5.8,2.8,2.9,5.6,128,0.8,4.6,71,6,4.7,Moderate
19,5.0,0.2,4.2,2.4,54,0.2,4.4,106,10,9.2,Low
45,8.5,5.8,3.2,3.2,67,3.0,6.6,67,5,10.0,Moderate
19,5.3,5.7,0.4,2.6,135,3.3,6.0,27,5,8.7,Moderate
17,8.3,3.1,3.7,1.5,53,3.9,6.9,70,6,6.9,Moderate
37,8.1,0.6,0.5,6.8,24,3.6,4.4,9,5,11.7,High
24,7.6,4.5,3.0,2.8,87,2.4,6.2,114,4,3.9,Moderate
24,5.8,3.0,3.5,4.3,79,2.1,4.9,56,9,14.0,Moderate
33,7.5,1.8,0.3,1.3,110,0.1,8.9,99,4,3.2,Low
31,8.0,2.9,1.2,5.9,12,1.0,6.8,65,8,14.5,Low
35,7.5,3.1,4.6,3.3,95,1.8,7.4,89,7,8.5,Low
28,6.4,3.4,3.1,6.2,83,2.5,5.6,116,9,8.0,Moderate
23,2.1,2.6,1.2,3.9,60,2.2,4.5,49,3,6.1,Moderate
15,7.9,3.6,3.5,2.4,76,3.0,8.9,13,3,3.1,Moderate
27,3.7,5.5,3.0,4.6,85,1.1,5.4,15,9,6.3,Moderate
18,8.4,2.2,2.5,1.9,102,2.3,6.1,53,4,4.3,Moderate
15,9.6,4.4,4.9,4.1,16,0.4,7.2,42,2,10.9,Moderate
46,7.0,5.4,3.4,3.2,22,1.7,4.1,41,7,6.8,Moderate
48,7.4,2.7,1.9,7.4,129,3.0,8.1,80,6,12.2,Moderate
42,11.5,2.7,4.0,1.4,75,2.8,6.7,109,4,5.5,Moderate
45,10.5,3.6,4.4,5.9,13,4.0,5.4,21,9,13.8,High
22,11.1,3.5,0.6,2.3,147,1.1,4.3,67,2,9.3,Moderate
40,10.1,4.8,1.0,3.2,97,2.0,4.8,18,4,4.4,Moderate
48,3.1,2.9,1.1,3.9,26,1.3,8.5,65,2,7.8,Low
17,3.5,6.0,3.5,7.4,61,1.8,7.4,38,9,5.5,Low
26,7.3,0.4,3.0,2.7,143,3.4,5.2,72,4,5.4,Moderate
15,4.5,0.0,3.1,1.6,78,2.7,4.3,18,0,9.1,Moderate
19,6.8,3.8,4.7,3.2,146,3.5,7.5,15,5,11.1,Moderate
44,5.9,1.8,3.9,1.7,30,0.8,6.9,53,9,13.9,Low
44,7.5,1.4,0.6,1.9,33,3.5,6.0,24,3,9.0,Low
31,9.5,1.9,1.7,5.0,13,0.2,5.8,111,3,14.6,Moderate
37,9.2,1.5,2.2,1.4,12,3.6,5.1,17,7,14.3,High
29,7.2,0.2,2.0,1.2,77,1.3,7.3,22,1,13.4,Low
35,10.2,5.8,3.3,6.0,110,1.3,8.9,116,3,9.0,Moderate
28,6.3,1.3,4.5,3.5,63,2.0,4.9,84,1,4.7,Moderate
16,11.0,4.4,1.5,1.9,44,3.8,7.0,10,0,5.6,Moderate
25,2.7,4.6,2.8,2.8,65,0.2,6.1,38,9,10.8,Low
48,11.5,5.6,3.9,5.5,117,1.4,6.2,104,2,8.1,Moderate
48,8.5,0.2,2.1,2.9,49,3.4,5.3,67,7,4.8,Moderate
32,5.8,5.2,0.8,4.5,77,1.6,8.1,24,5,8.7,Low
44,4.0,3.2,2.4,1.9,55,0.8,6.4,62,6,3.2,Low
29,6.8,3.8,0.3,5.1,87,1.7,6.7,95,1,11.8,Moderate
41,3.9,3.9,4.7,3.2,150,1.5,5.5,29,5,3.9,Moderate
48,3.7,4.9,0.4,5.4,15,3.7,4.9,44,7,10.5,Moderate
47,8.2,2.0,2.2,6.7,26,3.0,4.4,89,7,12.5,High
38,7.2,4.4,2.6,5.3,108,2.0,7.6,120,3,4.6,Low
29,8.7,3.2,4.9,3.1,90,4.0,5.0,60,5,9.2,High
44,11.3,4.8,0.8,2.8,11,1.9,7.5,99,4,12.3,Moderate
31,7.3,5.9,0.6,3.3,86,0.2,6.0,50,8,6.1,Low
19,7.8,1.2,0.0,2.2,75,1.0,6.1,97,7,5.0,Low
43,2.9,6.0,0.8,2.3,61,1.7,6.3,8,1,7.0,Low
18,9.2,0.5,1.0,6.5,101,0.6,5.8,75,6,9.7,Moderate
24,6.0,0.0,3.2,3.7,31,3.8,4.5,1,6,9.9,Moderate
31,11.8,0.3,1.1,4.1,120,3.1,5.5,101,10,4.6,Moderate
24,10.2,2.1,0.1,5.2,116,1.1,7.3,4,0,8.5,Moderate
31,7.2,3.8,4.1,5.1,76,2.4,7.3,61,0,6.2,Moderate
34,3.2,0.4,1.8,1.5,149,2.9,5.4,68,3,13.1,Moderate
38,10.6,0.0,1.8,6.8,78,3.8,6.3,51,4,6.8,Moderate
19,10.0,5.6,1.5,2.2,93,3.5,5.0,85,3,13.1,High
48,3.8,4.9,4.9,6.1,112,2.1,5.1,4,6,8.1,High
20,5.0,4.9,0.9,6.4,48,3.1,4.1,58,2,11.7,Moderate
16,9.9,5.3,4.5,6.0,22,2.2,8.5,67,6,9.1,Moderate
27,3.9,4.2,3.9,5.1,50,2.2,5.1,8,7,10.5,High
25,11.2,0.6,0.4,1.1,66,0.5,5.1,92,5,7.7,Moderate
37,6.2,2.4,4.9,3.5,21,0.5,5.4,21,5,12.2,Moderate
30,2.9,4.3,1.4,5.2,22,2.1,4.6,26,7,8.1,Moderate
45,10.2,1.7,0.5,3.7,129,1.1,7.2,9,7,8.5,Moderate
25,5.7,4.1,4.1,7.0,106,0.1,4.4,79,6,9.2,Moderate
30,7.3,0.1,3.5,3.2,66,2.9,4.7,105,5,13.0,Moderate
22,3.1,1.8,3.1,3.1,49,0.1,7.2,105,5,10.9,Low
18,2.0,3.3,0.8,2.9,127,2.4,5.7,60,9,7.2,Moderate
18,8.4,3.8,2.4,3.3,89,2.2,7.5,50,10,11.0,High
39,7.2,3.5,3.9,4.9,137,3.9,6.8,9,5,10.7,Moderate
17,7.9,4.2,1.5,5.9,44,1.9,5.3,5,7,14.2,Moderate
46,9.9,0.0,1.6,5.6,12,0.3,7.3,61,0,13.1,Moderate
17,8.5,0.6,0.0,6.7,129,2.2,4.6,112,4,10.8,High
41,3.7,5.2,0.9,7.2,14,3.4,6.7,4,2,7.1,Moderate
43,5.6,4.1,4.4,6.7,20,4.0,6.2,69,7,12.4,Moderate
46,11.1,0.7,2.2,1.1,135,1.7,5.3,62,10,9.9,Moderate
33,9.7,5.1,4.9,6.2,80,1.3,7.0,55,5,14.8,Moderate
35,7.6,1.5,2.0,2.5,126,3.6,8.4,58,1,6.0,Moderate
19,4.6,2.9,3.6,1.9,147,0.8,9.0,62,6,4.0,Low
32,5.0,0.9,1.4,5.5,115,2.5,7.0,110,6,3.8,Low
42,9.3,4.3,1.8,3.2,125,1.6,6.0,88,4,10.7,Moderate
36,10.5,4.0,1.0,1.4,76,0.2,5.1,58,7,14.3,Moderate
35,8.7,1.3,1.7,2.0,40,1.4,5.3,50,4,3.0,Moderate
20,10.1,5.2,2.7,1.0,84,1.1,6.4,49,0,11.7,Moderate
15,9.7,2.4,5.0,7.3,80,2.7,5.8,3,8,10.9,High
19,3.5,1.8,3.3,1.2,75,3.8,8.6,103,3,11.8,Moderate
26,6.2,0.9,1.0,2.5,79,1.1,5.8,47,1,7.3,Low
40,3.5,1.6,0.2,3.9,50,3.2,5.9,31,3,12.8,Moderate
48,4.4,0.1,0.6,3.5,29,0.2,5.9,119,8,3.5,Low
28,10.7,3.5,2.8,7.4,149,2.2,8.2,50,1,12.1,High
40,6.7,5.1,3.8,1.3,48,0.3,7.3,51,3,6.2,Low
41,7.4,3.3,4.7,4.6,54,3.7,7.1,98,1,8.7,Moderate
23,3.8,1.3,0.1,5.8,148,3.1,5.7,73,4,12.9,Moderate
40,5.1,0.2,2.6,7.5,79,2.6,8.1,33,2,6.3,Moderate
36,4.3,1.3,2.4,5.3,134,3.3,4.2,35,9,5.2,Moderate
44,4.1,2.5,3.3,6.6,100,2.6,8.4,69,1,11.2,Moderate
31,8.4,4.6,2.8,1.6,79,3.9,6.6,42,8,9.4,Moderate
40,4.6,1.1,3.4,3.7,139,2.9,6.0,109,4,9.2,Moderate
50,8.3,4.3,3.3,3.6,93,3.7,6.5,15,9,6.1,High
15,2.6,5.2,0.6,7.2,98,2.1,7.3,58,4,3.4,Moderate
22,3.4,2.7,4.0,2.1,88,0.5,4.1,52,0,7.9,Moderate
49,4.7,4.9,0.6,2.1,122,2.1,8.4,18,5,4.3,Moderate
29,8.0,3.3,3.5,3.3,102,0.5,6.2,97,6,13.9,Moderate
36,8.8,3.8,2.1,1.4,81,2.4,5.7,88,0,3.5,High
28,6.4,3.2,2.6,2.3,58,1.9,4.7,94,8,8.2,Moderate
40,6.5,2.8,4.5,7.8,61,2.5,6.2,112,7,3.6,Low
42,9.2,1.4,4.4,4.0,42,0.0,6.5,40,7,4.1,Low
37,2.2,1.8,4.1,5.4,31,0.8,6.0,80,6,10.9,Low
28,5.4,1.7,2.6,6.1,123,2.0,7.4,46,4,10.8,Low
38,10.2,3.4,3.7,3.6,142,3.8,6.1,93,2,3.4,High
16,8.0,0.7,2.6,2.0,27,1.5,8.8,102,8,3.0,Low
40,5.4,5.5,4.3,2.4,127,1.7,7.0,53,6,3.9,Low
28,11.1,4.3,2.0,3.2,126,2.9,8.0,54,10,12.2,Moderate
21,9.7,2.4,4.9,5.5,46,2.4,4.5,94,9,10.0,Moderate
17,4.6,1.0,4.7,3.8,73,1.2,6.0,18,9,3.5,Low
37,8.5,5.3,3.7,1.0,147,1.6,5.7,61,7,8.9,Moderate
32,8.0,4.9,1.4,4.7,88,0.9,6.8,98,5,11.5,Low
49,6.0,4.3,0.7,7.5,132,3.9,8.3,92,10,13.4,Moderate
29,5.7,1.6,4.3,6.7,53,0.5,4.4,58,4,14.2,Moderate
39,5.4,2.4,0.8,6.8,91,1.5,4.4,64,7,6.9,Low
42,8.2,0.6,4.3,6.6,96,0.1,8.3,67,2,4.6,Moderate
24,6.4,1.1,2.5,3.3,25,0.9,5.1,27,6,5.8,Moderate
31,10.3,4.7,2.0,6.4,63,3.1,7.3,17,1,12.3,High
36,8.7,4.3,4.5,2.0,111,0.8,6.7,25,2,14.7,High
40,2.7,3.6,3.0,5.6,107,0.3,8.2,103,1,8.6,Moderate
39,8.4,5.4,2.9,5.5,11,1.9,4.6,18,4,6.7,Moderate
31,4.7,3.5,2.8,1.2,103,0.0,4.6,54,6,8.2,Moderate
27,7.9,2.8,1.9,6.5,150,0.3,6.8,118,10,6.7,Low
34,8.8,2.0,3.9,7.3,68,3.2,8.7,56,9,6.1,Moderate
39,4.3,5.6,1.3,2.9,78,3.1,6.1,5,10,10.1,Moderate
18,6.6,0.5,4.7,6.7,128,3.7,5.6,0,10,3.2,Moderate
24,3.9,5.6,4.5,1.6,101,3.4,7.0,7,10,6.1,Moderate
17,2.5,5.0,1.7,5.2,54,2.7,8.7,96,9,10.9,Moderate
32,5.8,0.8,3.6,4.4,33,0.2,8.2,50,0,3.4,Low
50,5.6,3.4,2.9,4.8,100,3.1,9.0,106,9,4.0,Moderate
36,12.0,5.2,1.7,7.5,103,3.4,4.1,84,8,6.5,High
48,6.5,3.4,4.9,7.1,67,3.2,4.6,87,0,13.5,High
22,5.3,5.4,0.1,6.5,137,2.0,7.0,24,0,12.2,Moderate
33,7.8,5.7,1.3,2.9,16,0.9,8.1,46,9,3.3,Low
20,2.9,2.5,2.6,7.4,56,3.4,5.4,54,7,9.0,Moderate
40,11.6,2.3,2.6,1.7,62,2.9,5.2,63,5,6.3,Moderate
48,8.3,5.6,2.9,7.0,47,3.9,7.9,120,5,10.8,Moderate
20,9.5,4.1,3.8,3.3,62,0.6,4.3,106,8,11.7,Moderate
47,3.7,0.7,3.1,1.4,57,0.9,5.8,82,3,13.4,Moderate
36,6.1,0.3,3.0,5.7,104,0.8,6.5,92,7,8.7,Low
35,6.2,3.4,0.3,2.6,146,3.2,6.8,116,3,14.9,Moderate
20,10.2,5.6,1.9,2.7,73,0.7,7.6,9,1,14.8,Moderate
20,2.0,5.1,1.2,3.1,102,0.3,5.8,55,10,13.6,Moderate
18,5.0,4.1,1.3,1.4,134,4.0,7.1,11,7,9.9,Moderate
44,11.8,0.8,2.8,2.2,48,0.1,6.9,32,6,7.8,Low
25,6.7,1.5,1.0,1.0,13,3.3,6.7,119,3,7.4,Low
44,5.8,5.3,1.5,4.1,135,1.5,7.2,70,8,3.1,Low
45,3.2,1.1,1.2,1.6,12,3.4,5.3,16,8,6.0,Moderate
38,11.7,1.7,4.7,5.8,73,2.2,4.4,60,7,11.6,High
23,2.2,0.8,4.7,2.6,38,3.6,4.6,9,0,10.2,High
17,9.4,4.1,3.0,7.6,125,3.7,5.1,30,6,14.0,High
45,9.7,5.7,4.6,7.1,20,0.0,6.5,59,4,3.6,Moderate
50,4.4,1.6,3.9,3.0,106,0.3,8.2,69,6,4.9,Low
38,8.7,2.9,2.9,6.5,111,1.0,7.5,16,8,12.5,Moderate
45,2.9,3.8,0.0,6.6,30,2.7,7.9,49,1,7.3,Moderate
20,4.6,6.0,3.9,7.9,48,3.6,5.8,36,10,4.4,Moderate
16,9.9,0.6,3.5,5.2,111,1.8,6.0,81,3,15.0,Moderate
34,10.6,3.0,3.1,1.6,55,2.4,6.0,61,3,12.4,Moderate
42,8.1,2.3,3.8,5.5,75,0.8,5.0,89,1,7.9,Moderate
25,7.1,5.2,2.6,5.4,100,3.2,4.3,112,2,12.9,High
18,3.6,2.9,3.5,5.5,120,3.9,7.0,117,10,11.2,Moderate
29,2.6,0.7,4.7,3.2,91,1.1,8.9,79,7,12.5,Low
20,3.2,3.8,1.9,7.0,132,2.0,4.8,71,8,12.8,Moderate
44,4.3,4.6,3.5,7.7,108,0.3,4.2,87,5,4.0,Moderate
16,5.4,0.0,2.4,2.5,44,2.2,7.9,76,9,10.5,Moderate
29,5.8,5.2,3.4,1.6,112,2.0,5.3,28,1,3.1,Moderate
25,5.5,1.1,3.8,2.4,138,0.6,8.1,31,1,3.5,Low
22,4.4,3.3,0.2,6.7,34,1.8,7.5,87,6,13.8,Low
40,7.1,2.5,3.2,5.7,52,1.3,8.7,79,7,9.3,Low
19,10.3,4.3,1.1,5.5,93,2.1,6.0,10,7,11.8,High
20,4.8,2.2,3.4,3.8,60,2.3,7.3,95,5,13.1,Moderate
40,11.4,5.2,2.3,5.0,139,0.0,6.3,5,9,14.4,Moderate
18,10.7,4.4,3.9,3.2,135,3.0,7.2,34,7,13.4,High
33,3.6,3.9,0.6,4.3,78,2.9,6.2,32,0,8.8,Moderate
34,9.9,4.8,3.1,6.6,18,1.5,4.9,17,8,7.0,Moderate
47,7.7,4.5,1.4,7.9,11,0.2,6.5,36,0,4.9,Low
34,7.7,0.2,4.3,7.5,19,3.0,6.6,12,2,7.8,Moderate
26,5.9,2.4,4.6,7.5,123,3.8,8.1,73,8,7.4,Moderate
15,7.0,5.6,5.0,3.8,85,1.0,7.7,100,10,9.7,Low
40,6.0,0.8,4.0,4.3,94,1.3,7.3,89,4,11.0,Low
28,7.4,4.4,3.8,5.9,58,0.7,4.6,109,8,14.7,Moderate
25,8.3,5.8,1.1,7.5,79,2.3,7.6,80,8,11.7,Moderate
50,8.7,0.3,1.7,2.0,140,0.6,6.5,63,5,10.7,Moderate
27,7.3,4.1,2.3,3.1,142,1.4,8.5,0,10,7.0,Moderate
17,9.2,2.8,3.9,2.0,99,2.8,8.6,62,0,3.4,Moderate
47,3.4,3.5,4.6,5.3,35,2.2,4.3,88,9,6.5,Moderate
20,4.1,0.5,0.9,3.1,81,1.5,8.1,33,6,12.2,Low
24,10.2,0.3,4.6,3.3,14,1.7,4.2,102,5,5.5,Moderate
19,5.2,4.0,3.5,1.5,24,2.2,5.8,9,8,11.5,High
37,2.2,4.9,3.1,3.4,132,0.0,6.7,83,6,10.0,Low
24,3.5,4.7,1.0,7.0,10,0.3,4.7,6,10,5.1,Moderate
16,4.2,3.3,0.3,2.6,12,3.5,7.7,55,3,6.1,Low
27,11.6,0.6,2.8,5.9,56,0.3,4.0,79,6,9.0,Moderate
16,7.7,4.1,3.3,5.4,104,2.8,4.8,36,1,8.0,High
34,11.3,1.5,1.1,7.0,22,3.7,6.9,28,5,12.3,Moderate
15,7.8,5.5,2.8,1.9,129,1.1,7.6,11,5,11.8,Moderate
23,6.8,5.0,4.3,7.8,64,1.5,8.6,16,1,9.9,Moderate
31,5.1,4.3,4.2,5.1,75,2.3,7.5,47,3,12.9,Moderate
23,8.1,5.7,4.6,8.0,99,3.5,7.4,83,7,9.8,Moderate
25,3.4,0.2,1.8,7.4,71,3.8,6.0,25,7,14.6,Moderate
29,11.0,4.4,1.6,2.6,111,3.0,4.0,111,7,5.6,High
38,10.3,2.0,3.7,1.4,148,0.3,4.6,82,7,11.6,Moderate
49,5.2,5.4,2.2,2.8,17,2.7,6.7,110,0,7.4,Moderate
44,11.5,1.6,0.4,4.7,106,1.6,7.4,11,1,6.3,Moderate
45,10.3,4.3,1.4,2.2,126,1.9,6.1,20,3,5.2,Moderate
19,8.7,5.3,2.1,2.2,73,0.2,7.7,41,8,9.6,Moderate
28,3.2,0.2,1.5,4.2,30,0.8,6.6,60,2,5.6,Low
25,6.8,2.4,1.7,1.2,124,3.2,4.4,57,5,5.4,Moderate
23,7.1,4.6,1.5,1.9,94,1.8,5.0,53,6,14.9,Moderate
48,4.3,2.7,0.2,3.9,29,1.2,8.2,33,7,12.6,Low
26,2.8,1.6,3.2,1.4,17,1.5,7.6,6,6,12.0,Low
49,9.8,1.3,3.0,3.8,67,3.4,8.5,108,2,12.5,Moderate
49,3.2,0.8,3.3,4.3,55,3.0,4.6,34,5,14.6,Moderate
15,7.9,5.1,1.0,4.2,40,1.1,9.0,14,4,9.9,Low
36,11.4,3.5,1.5,7.1,102,0.5,5.0,64,9,5.6,Moderate
43,10.8,0.5,3.1,4.7,18,1.0,4.1,89,3,13.3,Moderate
22,4.8,2.3,3.0,4.3,24,3.7,9.0,98,0,11.9,Moderate
25,10.5,2.2,2.5,3.9,103,2.3,5.4,24,6,8.0,High
28,2.0,1.1,1.8,6.7,147,2.1,7.3,105,7,8.7,Low
44,2.2,2.6,4.6,7.3,38,2.4,4.9,58,1,7.9,Moderate
49,8.0,2.0,1.7,7.0,89,1.5,6.9,78,6,14.2,Low
35,5.6,2.1,2.3,5.7,45,3.2,8.5,85,5,7.1,Low
19,5.9,4.4,3.4,2.0,93,2.1,5.6,5,4,14.6,High
33,7.6,1.3,2.7,2.9,118,0.5,7.4,51,3,13.9,Low
28,3.9,3.9,1.7,1.3,127,0.5,4.9,78,1,10.6,Moderate
40,4.1,3.4,2.2,7.5,46,2.1,7.1,87,9,10.0,Moderate
18,6.8,3.4,4.0,5.6,95,3.7,5.7,20,5,7.4,High
39,9.5,4.0,1.4,6.2,80,1.2,5.1,70,4,3.2,Moderate
39,8.2,3.3,0.7,3.2,102,3.5,5.6,120,1,4.5,High
32,5.0,5.3,1.6,6.9,89,3.1,4.9,92,9,12.1,Moderate
22,6.3,4.1,4.2,2.8,111,1.0,8.5,95,6,8.7,Low
28,3.7,3.3,0.4,1.0,23,0.1,6.0,31,5,4.8,Low
46,2.7,5.0,5.0,3.6,126,0.4,5.2,52,10,6.2,Moderate
47,9.8,3.6,2.7,5.0,82,2.9,6.2,58,8,14.4,High
37,4.7,1.7,4.9,4.4,100,0.8,5.6,68,10,7.4,Moderate
29,3.8,1.2,4.7,7.0,99,1.5,7.7,61,9,13.9,Low
47,8.9,0.9,2.3,1.7,38,2.0,8.9,3,4,6.7,Moderate
39,8.2,5.4,1.0,4.9,58,2.9,6.2,85,8,9.5,Moderate
31,8.3,4.3,0.8,4.6,81,0.5,8.3,17,8,3.2,Moderate
47,4.3,5.6,1.2,3.0,142,1.6,6.8,98,0,9.3,Low
16,4.3,3.6,3.6,6.8,51,1.9,4.8,80,4,10.6,Moderate
28,4.2,2.8,1.4,6.3,144,2.2,7.5,113,8,5.8,Low
20,3.7,0.4,1.7,6.1,51,3.3,6.6,113,6,9.9,Low
20,8.6,4.0,2.2,7.1,114,0.7,7.3,55,5,10.8,Moderate
17,10.5,3.5,4.6,6.1,36,3.2,8.4,23,5,11.2,High
21,9.2,5.9,0.9,2.6,67,2.8,6.2,65,10,12.3,Moderate
22,9.9,1.4,0.0,5.9,55,2.2,8.5,12,6,6.7,Moderate
29,6.0,3.2,0.3,3.2,75,2.8,7.8,61,0,9.8,Moderate
43,8.5,3.9,4.5,2.7,34,1.6,6.4,53,3,14.8,Moderate
47,5.5,3.9,3.2,1.5,82,0.6,7.0,14,0,13.8,Moderate
44,7.3,3.4,1.4,6.2,126,2.7,5.6,68,5,14.4,Moderate
41,6.8,4.7,0.9,6.0,138,2.1,8.9,2,3,7.6,Moderate
50,3.8,1.2,1.5,2.6,96,2.6,7.3,36,0,12.4,Moderate
43,5.9,4.4,0.6,6.2,83,1.4,4.2,36,8,10.4,Moderate
47,11.6,3.7,4.7,7.4,134,3.6,5.6,100,3,4.0,High
41,4.5,5.4,3.9,1.8,76,2.3,7.1,2,5,12.9,Moderate
47,3.3,5.1,2.3,2.6,15,0.3,4.3,62,6,11.1,Moderate
18,6.2,1.9,4.3,6.3,134,1.8,4.1,34,7,5.4,Moderate
36,9.9,1.7,1.2,2.9,67,3.0,6.3,51,10,4.0,Moderate
16,7.8,5.9,3.6,5.4,79,3.2,5.7,86,8,13.0,Moderate
24,8.8,3.2,4.3,1.6,62,2.0,6.2,27,8,3.9,Moderate
19,3.9,5.4,1.8,4.2,75,3.6,5.3,93,7,4.1,Moderate
24,8.2,1.0,3.8,6.2,67,1.1,4.8,17,9,8.1,Moderate
47,5.2,3.9,1.5,5.8,91,1.6,7.4,115,10,4.6,Low
27,10.3,4.9,1.5,6.7,96,3.6,6.6,35,2,14.0,High
45,8.3,5.7,0.5,7.1,11,3.6,5.0,32,1,8.6,High
50,4.0,2.0,2.2,6.4,46,2.7,5.6,63,4,9.8,Moderate
38,2.6,4.3,3.6,5.7,112,3.4,7.0,25,0,14.1,High
29,2.4,3.2,4.7,1.2,33,0.4,4.4,47,2,9.4,Moderate
43,5.7,0.4,3.0,4.7,121,3.5,4.7,39,0,7.2,Moderate
22,4.7,4.1,4.3,1.3,74,1.3,4.4,16,2,12.6,Moderate
19,8.5,4.1,4.1,6.7,138,0.7,8.1,39,3,8.3,Moderate
43,7.0,5.6,0.9,3.2,126,1.0,7.8,6,6,6.8,Low
18,4.7,3.0,2.4,4.9,125,1.7,7.8,56,4,11.7,Low
26,3.5,1.4,0.6,3.0,114,1.0,7.6,7,4,12.6,Low
16,3.3,0.3,3.4,6.5,12,1.3,7.3,116,0,12.5,Low
41,10.6,2.5,4.7,7.2,55,0.5,6.4,55,7,14.7,Moderate
45,4.4,1.8,0.7,3.8,64,1.2,7.2,30,3,12.4,Low
50,8.5,4.6,3.7,7.0,84,2.3,4.2,58,9,12.2,High
50,10.1,2.1,3.2,2.9,54,1.8,7.1,57,4,13.3,Moderate
40,8.1,5.7,2.9,4.7,86,1.4,7.9,11,1,3.0,Moderate
41,10.6,5.8,2.0,7.0,33,3.0,6.5,47,0,7.3,Moderate
19,5.9,3.7,1.8,3.3,44,3.6,5.8,30,8,11.9,Moderate
34,11.6,5.6,0.2,7.7,33,3.0,5.4,107,1,10.2,High
25,3.3,4.6,1.1,1.9,37,1.3,7.2,82,5,5.1,Low
24,3.0,3.3,0.1,1.1,25,3.0,7.5,62,0,6.6,Moderate
20,8.6,1.1,2.9,7.3,68,0.6,8.4,73,0,7.0,Moderate
22,11.4,2.8,0.5,1.5,24,0.5,5.7,38,8,9.8,Moderate
37,10.1,3.4,4.4,7.9,20,1.4,7.8,75,3,13.0,Moderate
40,2.8,5.2,2.6,7.7,88,3.2,6.8,19,8,14.2,Moderate
26,4.8,2.9,3.5,2.0,124,1.0,8.4,100,10,12.0,Low
40,11.3,5.4,2.1,4.8,77,0.3,6.6,47,4,13.1,Moderate
27,4.5,4.0,2.8,2.3,52,0.5,6.6,104,6,8.6,Low
32,9.8,0.8,4.7,4.0,78,3.4,6.9,70,0,7.7,Moderate
39,10.3,6.0,0.4,1.4,150,2.5,7.7,115,5,7.7,Moderate
47,7.0,3.2,1.3,2.6,147,1.0,8.8,53,7,10.4,Low
26,5.9,2.4,3.9,3.5,84,2.2,4.4,77,0,4.5,Moderate
50,6.5,4.0,0.5,4.1,112,2.1,4.3,74,8,10.0,Moderate
18,4.3,0.7,0.4,7.8,50,2.6,8.7,70,2,11.0,Moderate
19,10.9,3.8,1.8,6.7,68,0.9,6.6,28,0,8.3,Moderate
22,6.5,3.0,0.5,6.2,48,3.5,7.1,73,0,14.4,Moderate
42,10.8,2.4,2.9,4.8,12,1.2,6.4,92,10,10.3,Moderate
45,3.1,5.7,1.1,6.9,16,2.8,4.5,72,5,5.6,Moderate
23,11.9,3.1,4.5,3.4,58,0.1,7.8,99,10,8.8,Moderate
43,6.4,1.3,3.9,6.0,35,1.5,7.7,47,5,11.1,Low
28,2.5,2.8,3.5,8.0,110,1.4,5.6,73,0,6.9,Moderate
36,2.4,5.5,3.1,3.2,88,2.2,5.5,82,2,4.0,High
25,9.5,1.1,4.3,5.7,11,0.3,8.2,55,6,10.0,Low
37,8.6,1.3,1.1,6.9,136,3.2,4.4,94,9,14.4,High
15,10.0,0.1,4.4,7.4,141,0.9,8.4,16,2,8.8,Moderate
35,3.1,0.1,3.9,6.0,29,2.7,5.3,8,2,13.9,High
40,2.4,5.0,3.7,3.0,126,3.2,7.0,108,2,13.0,Moderate
50,7.1,4.4,2.8,3.3,41,2.2,8.7,96,6,4.8,Moderate
37,5.9,2.1,1.2,1.1,37,3.0,7.4,33,3,11.5,Low
15,6.6,4.2,2.1,6.3,86,2.6,6.1,44,3,8.2,Moderate
29,11.9,2.4,4.0,1.3,10,1.4,7.4,87,2,6.0,Moderate
35,11.7,5.7,0.2,7.1,65,3.2,5.7,8,9,11.2,High
23,11.4,5.8,3.9,1.8,44,1.2,5.4,6,10,11.9,High
23,9.8,2.4,1.2,2.2,121,2.3,9.0,15,8,5.2,Moderate
24,5.5,5.1,0.7,4.3,39,3.0,7.8,18,1,14.0,Moderate
40,6.1,4.6,0.6,6.2,63,1.5,7.2,102,3,12.0,Low
49,7.5,1.9,0.1,2.0,45,1.2,5.8,5,7,14.2,Moderate
39,10.3,1.4,2.6,4.1,89,1.8,4.2,113,5,6.8,Moderate
40,2.7,2.7,1.1,4.4,67,3.3,4.2,114,6,14.3,Moderate
25,6.2,4.7,4.9,2.5,92,3.7,6.8,10,6,7.4,Moderate
16,2.8,5.8,2.9,1.8,74,2.2,7.8,75,1,3.6,Moderate
21,7.1,4.6,0.7,6.9,78,2.6,6.7,60,3,12.2,Moderate
32,11.0,5.1,3.4,4.5,137,3.6,8.2,41,9,11.4,High
41,9.8,3.6,4.5,1.1,60,0.4,4.2,12,9,10.2,High
48,4.3,5.0,3.7,6.6,31,0.9,5.8,11,5,8.9,Moderate
41,11.8,4.7,0.4,7.9,116,2.8,5.2,84,2,3.4,High
31,8.7,2.3,4.5,5.2,118,3.3,6.2,73,8,10.5,Moderate
38,2.1,3.3,4.0,4.5,125,3.4,4.4,19,3,8.0,High
39,4.6,4.8,0.8,7.1,110,1.7,8.8,49,9,9.7,Low
21,4.6,0.3,0.3,7.7,109,0.4,5.1,35,1,8.2,Moderate
20,2.7,4.8,2.8,6.3,77,1.8,8.6,91,5,14.6,Low
38,11.6,1.1,0.8,4.1,45,0.9,6.1,87,0,10.2,Moderate
47,6.8,3.1,4.2,5.1,31,1.2,8.9,68,5,12.0,Low
43,11.0,4.8,1.8,5.9,75,3.1,6.8,36,9,14.2,Moderate
36,5.2,1.5,4.6,2.4,30,0.3,8.7,11,0,10.1,Moderate
40,3.3,1.5,2.8,4.1,109,3.3,4.0,98,7,3.1,Moderate
42,6.7,2.4,0.9,6.8,137,1.7,7.7,39,4,3.4,Low
35,3.1,5.4,0.7,5.6,53,2.4,8.5,53,5,11.4,Moderate
21,6.9,0.0,2.9,3.9,112,0.4,4.7,1,1,6.3,Moderate
31,11.2,5.4,3.8,5.6,56,1.3,4.5,49,1,10.0,Moderate
34,7.2,0.9,3.9,1.8,48,0.4,6.1,40,8,5.4,Low
34,8.2,5.9,1.4,3.8,38,3.8,8.7,44,2,6.2,Moderate
36,3.6,5.7,1.0,6.6,63,3.2,6.7,102,5,9.1,Low
42,2.4,3.0,0.1,2.5,99,1.8,6.6,105,9,14.7,Low
21,3.1,3.1,3.4,2.3,94,0.9,4.7,8,4,10.4,Moderate
15,8.0,2.9,0.4,7.7,26,3.7,4.0,61,3,14.2,Moderate
46,3.0,3.8,2.1,2.5,89,1.4,8.1,85,9,14.5,Moderate
27,5.8,0.5,3.0,2.8,82,0.6,4.4,46,1,5.5,Moderate
44,7.5,0.2,4.7,7.8,58,2.3,7.2,4,7,6.7,Moderate
37,5.9,0.3,1.6,6.1,110,3.8,8.6,75,9,12.2,Moderate
33,3.6,2.7,1.2,5.9,11,0.0,5.0,0,6,13.4,Moderate
46,4.7,1.7,3.3,7.0,68,1.0,7.3,43,10,9.2,Low
44,11.3,3.7,3.1,1.8,106,3.8,4.4,21,1,14.9,High
43,8.8,6.0,1.7,5.9,108,0.7,7.0,37,5,3.1,Moderate
43,7.0,2.3,4.6,4.5,112,0.5,4.8,114,7,6.6,Moderate
44,2.1,3.4,4.2,6.8,11,2.3,7.7,18,6,10.5,Moderate
30,11.9,2.5,1.1,4.6,50,3.4,5.5,79,0,8.6,Moderate
33,8.7,5.1,1.2,5.3,132,1.9,6.3,30,4,4.4,Moderate
32,5.2,5.4,2.6,4.3,91,4.0,7.0,114,1,7.4,Moderate
15,10.8,5.3,3.9,4.3,141,2.7,4.9,66,5,3.3,High
28,4.6,5.8,0.2,6.4,149,0.3,7.7,86,6,10.7,Low
16,7.4,0.2,3.5,5.4,38,4.0,5.5,41,6,13.7,Moderate
42,8.4,5.0,3.2,5.4,144,1.6,7.3,81,2,13.6,Moderate
44,4.2,4.5,1.2,4.2,23,1.1,4.8,25,6,11.4,Moderate
18,11.8,1.4,3.4,4.7,21,2.2,7.4,12,4,8.6,Moderate
15,9.5,5.7,4.7,6.2,108,1.2,4.6,57,7,9.1,Moderate
22,7.6,0.9,0.2,6.8,142,0.3,6.1,17,7,4.6,Low
43,3.8,4.1,1.6,5.9,90,0.0,5.2,66,6,7.1,Moderate
17,2.5,1.3,2.2,7.5,115,1.8,7.7,86,5,5.3,Low
46,5.2,2.6,4.5,6.7,41,3.3,5.3,2,1,12.9,High
24,9.5,4.3,4.8,4.9,83,2.3,8.4,54,5,14.0,High
24,4.7,3.4,2.2,5.7,90,4.0,8.5,88,10,9.4,Moderate
33,7.4,2.6,3.8,7.5,78,1.1,5.0,90,8,11.7,Moderate
48,9.3,2.0,2.7,5.3,54,1.1,7.1,57,1,4.5,Moderate
47,3.1,5.0,2.7,6.8,115,0.6,4.4,107,0,10.3,Moderate
37,8.9,0.9,1.4,5.8,146,0.7,6.0,62,10,11.4,Moderate
42,2.9,2.6,1.1,4.9,109,1.1,7.6,90,4,8.4,Low
46,11.7,5.4,1.4,2.7,18,3.2,7.3,51,10,5.9,Moderate
21,6.9,5.1,2.8,4.0,71,3.6,7.1,102,5,13.5,Moderate
43,3.5,2.4,0.1,7.8,38,3.9,5.4,88,2,11.9,Moderate
22,5.4,4.6,4.5,5.6,134,0.9,5.9,23,7,13.8,Moderate
15,6.1,4.9,0.8,5.0,123,3.5,4.5,71,6,12.8,Moderate
17,9.6,5.3,1.1,7.5,143,1.3,7.6,8,1,14.9,Moderate
38,9.4,3.3,2.6,5.1,129,0.5,6.5,109,6,5.3,Moderate
37,8.1,1.2,3.6,4.7,88,3.5,7.5,36,0,4.0,Moderate
22,3.1,1.5,0.5,6.3,102,2.5,5.2,93,8,7.0,Moderate
17,3.5,1.8,1.6,6.0,13,0.7,5.6,116,6,4.5,Low
47,2.9,3.6,4.8,2.4,91,1.7,5.7,82,5,9.3,Moderate
42,7.8,0.2,1.3,4.3,84,1.1,4.1,52,1,10.6,Moderate
22,10.8,3.8,1.6,4.3,23,2.9,5.7,79,2,9.9,High
48,6.3,2.2,4.2,3.6,140,1.8,8.0,23,0,6.1,Moderate
49,3.6,1.8,0.3,4.6,123,4.0,8.5,107,9,13.9,Moderate
46,7.6,5.3,2.3,3.9,71,0.2,6.6,20,4,3.3,Low
38,10.1,2.8,1.9,2.4,115,1.4,6.3,99,8,7.2,Low
28,9.4,0.6,1.6,3.9,73,1.9,4.2,39,5,11.6,Moderate
46,10.8,5.0,1.4,1.5,111,2.0,8.4,102,4,12.2,Moderate
30,4.8,0.3,0.5,5.0,115,1.3,4.1,110,2,8.0,Moderate
18,3.9,4.4,1.6,7.0,29,2.9,8.7,61,4,3.2,Low
35,10.8,4.6,0.2,6.1,67,3.5,6.4,69,7,10.4,Moderate
28,8.6,2.1,3.9,3.5,121,3.8,5.7,68,1,3.8,High
45,5.1,4.9,2.0,1.6,66,3.2,8.6,13,4,4.3,Moderate
32,9.4,3.1,2.2,2.4,128,3.4,4.1,116,5,10.8,High
21,10.2,2.8,4.5,4.8,106,2.2,6.9,108,9,6.7,Moderate
24,8.1,0.3,3.3,2.4,101,3.3,6.7,41,7,7.2,Moderate
21,8.9,1.7,0.0,4.8,61,1.2,5.1,49,7,8.8,Moderate
47,5.8,5.6,4.7,2.6,46,1.6,6.1,60,4,14.7,Low
37,7.4,2.4,1.2,6.9,17,1.3,7.3,3,8,14.6,Low
